,precision,recall,f1-score,support
0,0.9992757559297484,1.0,0.9996377467850027,5519.0
1,1.0,0.9945280437756497,0.9972565157750343,731.0
accuracy,0.99936,0.99936,0.99936,0.99936
macro avg,0.9996378779648742,0.9972640218878248,0.9984471312800185,6250.0
weighted avg,0.999360463516205,0.99936,0.9993592380060767,6250.0
